{
  "analisis": "Multivariado",
  "fecha_ejecucion": "2026-02-16T02:26:26.501945",
  "pca": {
    "componentes_totales": 7,
    "varianza_pc1": 0.28375416751542465,
    "varianza_pc2": 0.23484370448247785,
    "varianza_acumulada_2": 0.5185978719979025,
    "componentes_para_80pct": 4
  },
  "kmeans": {
    "k_optimo": 4,
    "silhouette_score_muestra": 0.25239737206177515,
    "distribucion_clusters": {
      "0": 2258871,
      "1": 1824614,
      "2": 963053,
      "3": 60843
    }
  },
  "variables_analizadas": [
    "Edadm",
    "Peso_gramos",
    "Deprem",
    "Tohite",
    "Sexo",
    "Tipar",
    "Depreg"
  ],
  "registros_analizados": 5107381
}